PRODUCTLINE,PRODUCTCODE
Motorcycles,S10_1678
Classic Cars,S10_1949
Motorcycles,S10_2016
Motorcycles,S10_4698
Classic Cars,S10_4757
Classic Cars,S10_4962
Classic Cars,S12_1099
Classic Cars,S12_1108
Trucks and Buses,S12_1666
Motorcycles,S12_2823
Classic Cars,S12_3148
Classic Cars,S12_3380
Classic Cars,S12_3891
Classic Cars,S12_3990
Trucks and Buses,S12_4473
Classic Cars,S12_4675
Trucks and Buses,S18_1097
Classic Cars,S18_1129
Vintage Cars,S18_1342
Vintage Cars,S18_1367
Classic Cars,S18_1589
Planes,S18_1662
Vintage Cars,S18_1749
Classic Cars,S18_1889
Classic Cars,S18_1984
Classic Cars,S18_2238
Vintage Cars,S18_2248
Trucks and Buses,S18_2319
Vintage Cars,S18_2325
Trucks and Buses,S18_2432
Planes,S18_2581
Motorcycles,S18_2625
Vintage Cars,S18_2795
Classic Cars,S18_2870
Vintage Cars,S18_2949
Vintage Cars,S18_2957
Ships,S18_3029
Vintage Cars,S18_3136
Vintage Cars,S18_3140
Classic Cars,S18_3232
Trains,S18_3259
Classic Cars,S18_3278
Vintage Cars,S18_3320
Classic Cars,S18_3482
Classic Cars,S18_3685
Motorcycles,S18_3782
Vintage Cars,S18_3856
Classic Cars,S18_4027
Vintage Cars,S18_4409
Vintage Cars,S18_4522
Trucks and Buses,S18_4600
Vintage Cars,S18_4668
Classic Cars,S18_4721
Classic Cars,S18_4933
Classic Cars,S24_1046
Classic Cars,S24_1444
Motorcycles,S24_1578
Classic Cars,S24_1628
Planes,S24_1785
Vintage Cars,S24_1937
Motorcycles,S24_2000
Ships,S24_2011
Vintage Cars,S24_2022
Trucks and Buses,S24_2300
Motorcycles,S24_2360
Classic Cars,S24_2766
Classic Cars,S24_2840
Planes,S24_2841
Classic Cars,S24_2887
Classic Cars,S24_2972
Vintage Cars,S24_3151
Classic Cars,S24_3191
Classic Cars,S24_3371
Vintage Cars,S24_3420
Classic Cars,S24_3432
Vintage Cars,S24_3816
Classic Cars,S24_3856
Planes,S24_3949
Vintage Cars,S24_3969
Classic Cars,S24_4048
Vintage Cars,S24_4258
Planes,S24_4278
Classic Cars,S24_4620
Trucks and Buses,S32_1268
Motorcycles,S32_1374
Motorcycles,S32_2206
Trucks and Buses,S32_2509
Trains,S32_3207
Trucks and Buses,S32_3522
Vintage Cars,S32_4289
Motorcycles,S32_4485
Vintage Cars,S50_1341
Trucks and Buses,S50_1392
Trains,S50_1514
Motorcycles,S50_4713
Ships,S700_1138
Planes,S700_1691
Ships,S700_1938
Ships,S700_2047
Planes,S700_2466
Ships,S700_2610
Classic Cars,S700_2824
Planes,S700_2834
Planes,S700_3167
Ships,S700_3505
Ships,S700_3962
Planes,S700_4002
Planes,S72_1253
Ships,S72_3212